Model,R2 Score
Linear Regression,3.871263623667076e-05
Decision Tree,-0.7942058079408876
Random Forest,0.09328788329620774
